{
    "seat_1": [
        [
            300.0,
            240.0
        ],
        [
            361.22058602500135,
            240.0
        ]
    ],
    "seat_2": [
        [
            352.98173627836337,
            239.99999999999997
        ],
        [
            480.0,
            240.0
        ]
    ],
    "seat_3": [
        [
            300.0,
            240.0
        ],
        [
            361.22058602500135,
            240.0
        ]
    ],
    "seat_4": [
        [
            300.0,
            240.0
        ],
        [
            361.22058602500135,
            240.0
        ]
    ],
    "seat_5": [
        [
            352.98173627836337,
            239.99999999999997
        ],
        [
            480.0,
            240.0
        ]
    ],
    "seat_6": [
        [
            352.98173627836337,
            239.99999999999997
        ],
        [
            480.0,
            240.0
        ]
    ],
    "seat_7": [
        [
            300.0,
            300.0
        ],
        [
            360.0,
            300.0
        ]
    ],
    "seat_8": [
        [
            360.0,
            300.0
        ],
        [
            481.268775587554,
            300.0
        ]
    ],
    "seat_9": [
        [
            300.0,
            300.0
        ],
        [
            360.0,
            300.0
        ]
    ],
    "seat_10": [
        [
            300.0,
            300.0
        ],
        [
            360.0,
            300.0
        ]
    ],
    "seat_11": [
        [
            360.0,
            300.0
        ],
        [
            481.268775587554,
            300.0
        ]
    ],
    "seat_12": [
        [
            360.0,
            300.0
        ],
        [
            481.268775587554,
            300.0
        ]
    ],
    "seat_13": [
        [
            300.0,
            360.0
        ],
        [
            360.31819753573774,
            360.0
        ]
    ],
    "seat_14": [
        [
            360.0,
            360.0
        ],
        [
            480.4711511504241,
            360.0
        ]
    ],
    "seat_15": [
        [
            300.0,
            360.0
        ],
        [
            360.31819753573774,
            360.0
        ]
    ],
    "seat_16": [
        [
            300.0,
            360.0
        ],
        [
            360.31819753573774,
            360.0
        ]
    ],
    "seat_17": [
        [
            360.0,
            360.0
        ],
        [
            480.4711511504241,
            360.0
        ]
    ],
    "seat_18": [
        [
            360.0,
            360.0
        ],
        [
            480.4711511504241,
            360.0
        ]
    ],
    "seat_19": [
        [
            300.0,
            420.0
        ],
        [
            360.0,
            420.0
        ]
    ],
    "seat_20": [
        [
            360.0,
            420.0
        ],
        [
            480.4655469321233,
            420.0
        ]
    ],
    "seat_21": [
        [
            300.0,
            420.0
        ],
        [
            360.0,
            420.0
        ]
    ],
    "seat_22": [
        [
            300.0,
            420.0
        ],
        [
            360.0,
            420.0
        ]
    ],
    "seat_23": [
        [
            360.0,
            420.0
        ],
        [
            480.4655469321233,
            420.0
        ]
    ],
    "seat_24": [
        [
            360.0,
            420.0
        ],
        [
            480.4655469321233,
            420.0
        ]
    ],
    "seat_25": [
        [
            360.0,
            180.0
        ],
        [
            360.0,
            720.0
        ],
        [
            480.0,
            180.0
        ],
        [
            480.0,
            720.0
        ]
    ],
    "seat_26": [
        [
            420.0,
            180.0
        ],
        [
            420.0,
            720.0
        ]
    ],
    "seat_27": [
        [
            360.0,
            180.0
        ],
        [
            360.0,
            720.0
        ],
        [
            480.0,
            180.0
        ],
        [
            480.0,
            720.0
        ]
    ],
    "seat_28": [
        [
            360.0,
            180.0
        ],
        [
            360.0,
            720.0
        ],
        [
            480.0,
            180.0
        ],
        [
            480.0,
            720.0
        ]
    ],
    "seat_29": [
        [
            420.0,
            180.0
        ],
        [
            420.0,
            720.0
        ]
    ],
    "seat_30": [
        [
            420.0,
            180.0
        ],
        [
            420.0,
            720.0
        ]
    ],
    "seat_31": [
        [
            300.0,
            180.0
        ],
        [
            300.0,
            720.0
        ],
        [
            360.0,
            720.0
        ],
        [
            360.00000000000006,
            180.07270665950216
        ]
    ],
    "seat_32": [
        [
            300.0,
            180.0
        ],
        [
            300.0,
            720.0
        ],
        [
            360.0,
            720.0
        ],
        [
            360.00000000000006,
            180.07270665950216
        ]
    ],
    "seat_33": [
        [
            300.0,
            180.0
        ],
        [
            300.0,
            720.0
        ],
        [
            360.0,
            720.0
        ],
        [
            360.00000000000006,
            180.07270665950216
        ]
    ],
    "seat_34": [
        [
            300.0,
            480.0
        ],
        [
            359.52965483634324,
            480.0
        ]
    ],
    "seat_35": [
        [
            360.0,
            480.0
        ],
        [
            480.0,
            480.0
        ]
    ],
    "seat_36": [
        [
            300.0,
            480.0
        ],
        [
            359.52965483634324,
            480.0
        ]
    ],
    "seat_37": [
        [
            300.0,
            480.0
        ],
        [
            359.52965483634324,
            480.0
        ]
    ],
    "seat_38": [
        [
            360.0,
            480.0
        ],
        [
            480.0,
            480.0
        ]
    ],
    "seat_39": [
        [
            360.0,
            480.0
        ],
        [
            480.0,
            480.0
        ]
    ],
    "seat_40": [
        [
            300.0,
            540.0
        ],
        [
            361.11482699443934,
            540.0
        ]
    ],
    "seat_41": [
        [
            360.0,
            540.0
        ],
        [
            480.0,
            540.0
        ]
    ],
    "seat_42": [
        [
            300.0,
            540.0
        ],
        [
            361.11482699443934,
            540.0
        ]
    ],
    "seat_43": [
        [
            300.0,
            540.0
        ],
        [
            361.11482699443934,
            540.0
        ]
    ],
    "seat_44": [
        [
            360.0,
            540.0
        ],
        [
            480.0,
            540.0
        ]
    ],
    "seat_45": [
        [
            360.0,
            540.0
        ],
        [
            480.0,
            540.0
        ]
    ],
    "seat_46": [
        [
            300.0,
            600.0
        ],
        [
            360.0,
            600.0
        ]
    ],
    "seat_47": [
        [
            360.0,
            600.0
        ],
        [
            481.3045501122695,
            600.0
        ]
    ],
    "seat_48": [
        [
            300.0,
            600.0
        ],
        [
            360.0,
            600.0
        ]
    ],
    "seat_49": [
        [
            300.0,
            600.0
        ],
        [
            360.0,
            600.0
        ]
    ],